Country,Year,GDP_USD,GDP_per_capita_USD,GDP_growth_annual_pct,Inflation_pct,Unemployment_pct,Exports_pct_GDP,Imports_pct_GDP,Govt_debt_pct_GDP,Region
United States,2000,21208619944264.72,95414.73626057293,1.8617356988288154,1.4440599409765398,4.403950683025824,17.613762547568975,49.647045830997406,80.11150117432088,North America
United States,2001,21556617695920.934,100104.5455109029,1.5305256140650478,2.2712800217929825,4.636424704863906,23.253202943404524,27.16968971838151,72.4756431632238,North America
United States,2002,21094666104562.445,112542.49641115991,1.4377124707590272,1.7859769679118829,6.297256589643226,35.52314928976662,46.407038455720546,39.96737821583598,North America
United States,2003,21954471808581.668,137967.38212539256,1.4556172754748173,2.055461294854933,8.467903667112946,22.673585565928118,17.60206371941118,114.88855372533332,North America
United States,2004,22458012093506.48,107749.71499725324,1.7083062502067232,1.4892239026622012,7.456592191001432,16.547483450184828,51.372816083151285,45.877998160001695,North America
United States,2005,23110688640087.004,114334.94003615032,2.2088635950047553,1.020164938060112,7.920392514089517,23.318450498648716,53.783385110582344,97.51328233611146,North America
United States,2006,23998696794858.76,672933.1283886071,2.1713682811899706,1.4954573285674462,5.442141285965063,52.29318791183682,29.270133067743572,48.093450968738075,North America
United States,2007,23358541924914.895,139552.4063989506,2.324083969394795,1.807458859791842,3.6709557931179373,59.40991214702328,45.889790771866295,39.87156815341724,North America
United States,2008,23881956361178.523,102204.47568476546,-2.068719880883801,4.396417054947713,4.142821535726167,53.83965416440171,39.93192507310232,53.08980248526492,North America
United States,2009,23529149199405.883,827560.9909362721,-4.106334974006028,3.9018966879596646,9.666455605042577,43.69008621098459,50.48850970305306,67.22149251619493,North America
United States,2010,25784032384462.805,111799.3909586051,1.3548802453948758,2.747717126441737,7.444160367279517,38.52297732218973,32.101640734341984,22.54191267440952,North America
United States,2011,26287464546017.582,636677.42209102,2.087047068238171,1.8504963247670665,5.82920382968694,37.885681102411624,51.30265895704372,44.92922291488749,North America
United States,2012,27420295023913.492,359132.51892657334,1.4817297817263526,1.893919289144187,4.45099158528604,56.83639435541579,47.32481518257668,83.34037565104234,North America
United States,2013,26933815112562.21,102517.69566853813,1.4702397962329612,2.2566337165566783,11.0330309864098,39.270400886204285,47.2976062065625,109.60912999234932,North America
United States,2014,27319989482196.543,358995.52845345665,1.6723378534022317,2.6368668100697783,10.74657524930709,15.312845873903582,35.42989210310263,61.7411003148779,North America
United States,2015,28098204565306.312,377606.8657281826,1.6572854834732305,1.5988613653891905,11.486187335212673,29.544131940933987,35.75162486973464,90.30189588951778,North America
United States,2016,28976995634687.242,100228.37033077303,1.925554084233833,1.9907245977441799,5.707904788350927,27.81782224698604,16.47547789418131,80.95643339798968,North America
United States,2017,28420879398534.24,182446.02598363478,1.8076390352188776,2.1507736711668066,4.304053848821008,37.025374212490334,54.42601816442403,44.20552715115004,North America
United States,2018,30678708805621.508,388756.92125141236,2.7519330326867744,1.5990860783251533,8.690752475342215,43.50883698424026,36.43098736299034,29.02897700544083,North America
United States,2019,31439859439247.76,124643.76452286118,1.0094636748693118,1.716851135198614,3.3669762739928752,41.59018244347088,42.1025744736913,21.658782892785617,North America
United States,2020,27740737889580.55,140744.40648226152,-5.931437025193972,6.268168016191034,6.640618116704837,57.152849493153056,20.50083776583973,54.10663510502585,North America
United States,2021,31246719392832.188,728237.4790185824,2.8135172173696694,1.3845678417830225,10.354999801810942,39.98403652197581,36.18602313424026,44.18522909004517,North America
United States,2022,32634317963304.336,301280.7227161505,2.7818228717773104,2.649698407132244,11.073992339573193,54.91888909193028,46.19502183430495,84.20316461542878,North America
China,2000,1965314153758.0178,57130.245801295394,8.293072473298682,2.642824290986816,3.0455542546159684,22.23636231378744,36.949351574663446,89.18951976926932,Asia
China,2001,2108535688920.8457,9737.756729927672,8.65655360863383,2.6244102876680357,9.718422646062217,44.23348045712466,48.96893641976712,85.76128923003434,Asia
China,2002,2280058748753.6084,13043.105863215786,7.754611883997129,2.6231319178212553,5.386821309135529,25.97953395205876,53.920422190097824,59.30977246667604,Asia
China,2003,2533366028808.225,10533.953304991654,8.827183249036025,4.367211079530871,7.432659244369775,23.785934450912002,43.89808461046022,48.07723624408558,Asia
China,2004,2726080593302.0557,159872.13837718134,6.929107501938887,3.241236207621592,11.464127259176228,57.92678596511643,51.59457560881794,57.01587002554444,Asia
China,2005,2966469806751.363,10248.650629036862,7.927171087343127,2.7737688838276653,6.465879557417328,53.30115021825856,27.676880206251106,36.94927466860925,Asia
China,2006,3223071860575.2583,18796.4506097311,8.173180925851183,3.192658689864418,8.130550530804285,19.372942219684585,39.60028906796679,119.00538501042632,Asia
China,2007,3431638918132.1343,12977.092707310627,6.857029702169378,3.436223578830226,9.322356755883984,31.177101804888984,26.743673770579733,100.93611554785136,Asia
China,2008,3595705763352.7393,14680.37161006262,3.5150476863060476,7.4263657453273595,10.284656610700976,44.24837688499943,43.07867509030814,99.57926694361011,Asia
China,2009,3772899804345.6323,31726.620802637022,3.7589692204932676,5.5825113990546695,3.423480464170679,35.95191081596071,36.70578538830306,48.65412521282844,Asia
China,2010,4243934541081.9575,23402.977996912778,7.528068134210566,3.5444752984836834,4.143544613866963,38.500946702466194,45.799742123944434,41.58210274968432,Asia
China,2011,4595159941282.858,183896.88125106174,8.216458589581976,4.194517978696231,8.73686911348386,47.67411001751977,54.03408317850138,71.63003483011954,Asia
China,2012,5222021411203.391,50377.71121198204,7.3382135352316125,3.4262166673981116,6.950742786350725,18.53053716040197,16.0140297366183,116.26484146779251,Asia
China,2013,5494182467742.059,42724.247631959,8.865755194170122,2.832876454424816,5.252186083481358,39.71519991177542,43.583836908002496,86.01973767177313,Asia
China,2014,5837044132223.603,64016.13283082704,10.122156197012632,3.516232630275573,6.776400561850109,26.147894527552086,29.238907146050465,95.78461104643691,Asia
China,2015,6400653039686.408,43391.195379344186,8.774634053429336,2.9902789295502257,7.261245937025091,22.794084145950684,32.35406596951892,59.85047343973734,Asia
China,2016,6724085065667.059,35653.28122134248,7.5599555133030165,3.0653702886430456,6.371513531638241,43.16369620714064,35.12545034320351,105.64898411883223,Asia
China,2017,7254772120408.904,238135.14470309083,8.46210347426327,2.8987712370842242,8.27198023146117,57.31036086412309,38.01896711503516,58.816992620652194,Asia
China,2018,8001772759548.843,40710.38860365181,10.133033374656266,2.023956100238749,11.473183278988726,32.37461870103484,53.44762255295657,110.53506419560637,Asia
China,2019,8679909194286.984,283243.33125128754,7.377300480179406,3.4424952335933323,3.209447421622433,51.65108171650211,26.274190990936,31.816482762165627,Asia
China,2020,8489555014663.638,40034.91518288837,0.8995998754332508,7.153649760438305,9.775639394234972,51.156641867318186,26.281382902852258,37.74395437797229,Asia
China,2021,10218137500504.121,34375.97348898472,8.610370265433465,2.106164194034109,9.98771664667797,30.336159311385803,52.23029302414259,105.84127518430118,Asia
China,2022,10607653677238.771,78921.13959888443,8.82541634898803,3.406754818000319,3.9281148195233935,55.6148808005805,35.21009489791429,102.64574661077417,Asia
Germany,2000,2027278118851.7986,16499.57748408473,1.189733243406544,1.3644797688557289,11.550557703457244,57.77732161219002,37.93751552493144,83.18372121697993,Europe
Germany,2001,2005108355873.9197,14317.170938543311,0.49398261850029795,0.8929056936061337,9.052666104693346,48.8568538246956,46.66316174903394,98.96181427945538,Europe
Germany,2002,2059945322737.751,77174.51687826913,0.6027456285141684,0.45499112568486016,10.989337644824698,30.79117556484354,19.682680657104235,34.299168205283586,Europe
Germany,2003,2165408828051.69,9380.639442382197,0.6777796044335685,1.621843605745956,3.7569612550349767,46.543610915660395,17.910520254567743,102.18600592903562,Europe
Germany,2004,2102729385708.7415,60767.36724866453,1.7320499373576363,2.077177169204462,11.525237196454729,59.37004787202919,45.13512741035767,57.62595855309158,Europe
Germany,2005,2133996979684.9316,62369.838274871065,1.8109075655980047,2.237678108474776,6.817998083222786,55.78594732926312,19.447899292246053,69.26251042908592,Europe
Germany,2006,2186076805331.4666,83032.54942642107,1.2113413610798616,2.1355691129904573,8.250318885874437,58.29776468135439,29.994823180948163,48.57120862818607,Europe
Germany,2007,2253911365471.701,8606.205340084358,1.7240924818104166,1.5062962003908973,3.6641690826185895,39.92344279805944,53.77210142476396,72.30978441701488,Europe
Germany,2008,2205724015181.733,15553.321773232145,-2.5407291739147935,4.600205774206699,11.2104220944189,17.045087115365604,26.238527583689212,115.04114840765587,Europe
Germany,2009,2255500816201.073,8410.508894966102,-1.310197066782328,3.5958508573224246,5.596430646830194,23.46545218756926,33.547936197599284,55.33522280260528,Europe
Germany,2010,2285841472236.575,7812.852854127599,1.6503937864762075,0.5436467414678905,10.324155177362538,45.812902764924566,21.504677573795654,111.09271844938425,Europe
Germany,2011,2372977025180.3486,9547.827801490186,0.17976679297935783,2.415729382927177,11.39455635018612,53.97287502751838,16.808746804247576,22.6366974497252,Europe
Germany,2012,2447642744542.474,8260.410058214964,1.0308243478952952,1.6477387622115918,6.428017709679194,58.646147901657145,48.684756925428346,103.83287047111378,Europe
Germany,2013,2373837417636.95,16267.961100935838,-0.09442765879436703,1.2003124885231136,3.507379469858344,53.912506931477395,47.516040365203104,119.97176732861305,Europe
Germany,2014,2463769819675.033,10573.831208551495,1.5469805937647418,1.3434881458917798,4.162434736363455,57.93229622664251,39.246985378035205,42.86428055034627,Europe
Germany,2015,2420493115552.494,11819.206563230082,-0.03411417073562236,2.1388384109492544,4.022018329796661,45.22079380167598,35.812308036151734,97.23183917356393,Europe
Germany,2016,2597831538627.0166,15276.600792650299,1.567518481410109,2.013289923276039,6.631345795911574,21.03068528027883,16.15130705253356,95.5137255673619,Europe
Germany,2017,2584597657393.4536,13611.042126474616,0.5350765394198955,1.8430257299992197,4.227343280280928,15.654509955054687,29.02350235226388,78.99176868546331,Europe
Germany,2018,2552804394211.9756,9378.206922288482,-0.5392321777601007,1.6000672095867112,10.052877114670288,32.84442520445715,39.883468009114935,106.23637087467452,Europe
Germany,2019,2538676209589.6274,8896.367688155471,-0.2033824393551549,1.4722261505516905,7.132221806144352,59.101465887846466,34.70472375971478,52.875161028750824,Europe
Germany,2020,2407935960946.226,75247.14013559974,-5.830327451169961,4.949374047576444,6.2710055499147686,55.35547844577053,33.95846561051489,86.75577385210272,Europe
Germany,2021,2760782766087.387,46033.94347980228,0.9697423816275592,1.1035635838688278,4.593094358490721,18.9916140190675,19.82543484402403,66.07787680327257,Europe
Germany,2022,2744398451120.28,17593.311798336188,0.3021221074111515,1.449025243760072,10.194693590181384,43.255517527090845,18.270361277954876,107.35786241067773,Europe
Japan,2000,2804542347796.847,11503.531933716215,0.5078996671618087,2.120385145216538,4.884143910030392,31.67124462561219,34.38091940764085,81.8254771530296,Asia
Japan,2001,2801499276784.378,12354.110446481887,-0.9478182168225239,2.1189114259694946,7.6050969790409955,38.9451068369392,19.286880453591042,64.74123668234546,Asia
Japan,2002,2890230997688.8286,17574.172711072093,0.4338059924402362,1.3783620025480754,6.395557467941604,15.903203899997687,27.88316662332713,41.14480069965447,Asia
Japan,2003,2863119424044.0557,10673.20913292631,0.8935225942465861,2.674203761977893,10.102541147466045,37.42989895180757,18.47681152349695,73.71065418185478,Asia
Japan,2004,2996193172138.6284,16628.526573656305,0.80380728054593,2.621652035923501,4.148222725160074,27.769915760942602,29.523291855945402,84.59172413316013,Asia
Japan,2005,2866817222748.5737,9682.268288856942,2.18559641747993,1.1313491575320405,3.9160422535836337,21.87866126329494,24.838309135380324,36.06813732595557,Asia
Japan,2006,3051986063425.0957,47609.59158912997,0.4157280684007196,1.5580483447756892,11.070888821637826,18.6105185547739,35.98045558281019,61.03968269896615,Asia
Japan,2007,3079407412216.8833,11798.628442085173,1.1594030069236225,1.5422472791574449,4.5379882865105925,45.08894489659939,52.17503956510343,75.67628930139298,Asia
Japan,2008,2985637544655.805,16986.271569201243,-2.8226760201921954,3.9497654865777014,4.78339373701771,29.565565638190968,32.01745754465667,70.7610378684455,Asia
Japan,2009,2946740795081.8677,15751.249473296059,-4.062404559902363,4.649929173830299,4.489264437467821,36.65130458346678,36.30357730206343,25.18235368224269,Asia
Japan,2010,3065670659576.983,28487.328005892086,0.6423431605230704,2.2107584917592913,9.133524500015364,49.210253695035895,38.82554962431377,67.15761885501584,Asia
Japan,2011,3096836043056.3057,11077.399505421597,0.2116827703851602,2.0162058811272656,11.44506411138934,23.155487977454705,17.6598506946711,94.11206492900591,Asia
Japan,2012,3211187657312.7124,18183.683580459856,1.124460920053856,1.8874976745481016,10.15740580673901,24.073229402148506,21.54623771462818,36.42657979309929,Asia
Japan,2013,3326668868904.8633,20574.49437284021,2.279232766500054,2.2661952961574574,6.532005966803719,51.746974776220966,32.56539634280874,57.69444294249076,Asia
Japan,2014,3310121739565.379,22958.71446097557,2.2959048800911215,1.4088604633188757,7.5244835108323125,25.44957128160678,50.982982930982736,58.38912213732114,Asia
Japan,2015,3433513002675.075,17973.777094040288,1.3399322853088476,1.0913398215516905,4.253448653970485,50.73113351716332,39.80291023714054,73.34610919763216,Asia
Japan,2016,3493404760932.739,12975.595939321856,0.7569168154983072,2.0325432237812637,5.805498610159934,26.18201129165096,44.757851702907075,23.353243473577937,Asia
Japan,2017,3562185729596.879,13479.748364791647,1.6463463194663768,2.3494029165705608,3.995685632596865,53.090353128053316,20.0995464932793,59.72872905603673,Asia
Japan,2018,3465092882567.97,14365.124299706347,0.8169038969699796,1.5543100577681084,9.500273115537595,47.401644144573346,40.645905315411895,89.39484444671,Asia
Japan,2019,3428659638786.3228,31098.435158737717,1.5252761603376541,0.9412728199894718,7.1580522327971945,57.62775028253169,21.13405612464321,78.62298320167972,Asia
Japan,2020,3408758840493.3584,21752.335548222414,-6.958534380250697,5.85409066191674,11.009115180497364,56.94532271176256,37.60532734356836,89.66508238768922,Asia
Japan,2021,3648875380975.463,67277.33770420332,1.686428504732928,2.7716451926791277,6.817176041721474,48.13999060311253,52.37468059076059,112.55685129067763,Asia
Japan,2022,3777302907085.292,26838.22070417224,3.783002941156941,2.092609277995508,6.591024334831173,17.46427374699141,28.407889665836038,100.28534485980114,Asia
India,2000,520002410605.2075,4708.4463729304225,2.4073146539529806,2.829568854060688,7.069961468008264,25.10721703229919,33.09758064530774,34.085702037979985,Asia
India,2001,514950561438.2858,8420.79829943264,-0.3628899561769948,2.167358647513924,11.2336131096129,31.30772546024849,38.22353401112174,83.22642879195304,Asia
India,2002,532858181412.09467,15333.42898479007,1.2274707780229064,2.1948556395514176,8.358465155880394,18.018441482479236,44.99841881596711,40.99055930955858,Asia
India,2003,549978658674.6744,2033.6759137917616,1.7603346798843407,1.921076610152634,3.328947010632854,36.243012529949965,37.59364533050466,26.57086394283524,Asia
India,2004,558178340351.7135,3443.9896032031947,3.8379896753472655,1.1553177533133583,8.036762981773961,21.985811066882064,22.277125219810845,106.17856210135173,Asia
India,2005,559888152591.9485,1968.8479554409712,0.9264849920467555,1.8055977369773923,8.795995889151142,33.393037699414336,16.015454226413794,35.61525973661904,Asia
India,2006,598529158309.6298,33516.32846826859,3.6055517817587353,1.842271029043065,9.047034692388555,15.886974198946387,19.164343279382955,99.99160853731894,Asia
India,2007,592489375655.6005,9590.628315038606,1.1118688778726313,2.551005295859024,3.8949725348341064,25.942748594975434,43.89067727422636,105.56964681062857,Asia
India,2008,580074489837.487,2847.0655650495255,-1.5066735098711754,4.365889421714083,11.167022366690077,15.585086557983121,18.42034123417872,40.78862551460273,Asia
India,2009,586355039277.7732,33138.001661903734,-2.339870290993306,4.068949292580179,6.892820955332481,55.17022699846387,47.69774246953764,54.1817351697876,Asia
India,2010,635260152935.362,3506.130656584008,0.9255353904010172,2.572681865416521,6.684704869721164,39.84212313833911,32.44506116541267,49.44657595419177,Asia
India,2011,640741368574.8583,2247.809468437391,1.7890775999556268,2.3940741379488655,10.816211783081215,36.93440392122811,50.78208907576366,99.98552559473153,Asia
India,2012,669858391915.78,7619.262517256895,2.2770510630435092,3.2721258499893664,5.320989168898821,21.271023333277085,48.39720947197196,118.44021807035521,Asia
India,2013,699798521794.053,4307.773858259349,1.7942370064552153,1.8053537180716734,3.1655160889272005,56.143446295222454,19.710043315605645,77.65164755142536,Asia
India,2014,712400720219.2798,3581.488463051164,0.6314130825267362,1.9599322206753627,3.098962457926324,21.159853353096327,51.0007456739242,107.38900775625153,Asia
India,2015,730744603389.646,3987.6966024930375,3.999471131227153,2.7016911132818953,4.5783415076110465,56.14853756662319,31.750820995682925,58.31385282494975,Asia
India,2016,730754135725.2793,12551.130413546662,2.3600877369754105,2.0204995376244104,8.428368985197494,26.040709935659443,30.571824561679062,48.86937367706999,Asia
India,2017,760280336857.8352,6719.516965427908,1.358123433787244,2.72132697907675,8.097641762672074,36.422268098959485,41.546846614505924,113.6829739324758,Asia
India,2018,761644157777.1614,39995.78803371686,3.0343065661735684,2.498289512938509,3.462832321358253,37.33648112405564,38.87371395667557,53.424389081696084,Asia
India,2019,768939803633.0898,3292.19412604844,2.2990081962676148,3.0799063985905852,9.195621567849624,34.56723023716858,24.856081329564272,101.91023176741997,Asia
India,2020,756885457715.9514,8511.782161738312,-4.693448863608694,5.313072616337309,3.9842386599397077,56.279110895800926,20.472745236758456,115.02373538208025,Asia
India,2021,849489659795.4366,6096.450792125355,2.5116976876978305,1.5268339014177794,10.856512522887675,47.95011988843025,47.26244591445799,85.87833667107174,Asia
India,2022,864043908706.0496,10485.496064584117,2.7931767659930133,1.4312301499239568,11.889012071969823,57.4826702858976,16.577072454740236,90.55751725156884,Asia
United Kingdom,2000,2809862923561.567,10199.450216629484,2.16894111202642,2.597199503674992,11.73952420648831,57.491992010104525,33.96856866629855,106.20426509893134,Europe
United Kingdom,2001,2834932834951.779,11322.272960847728,2.6088187930783886,2.75189608012838,5.070079535589327,20.425509859977545,18.078128065168364,89.62887758781397,Europe
United Kingdom,2002,2883943755477.988,26564.52116473814,1.4612741272625387,2.7713280520677324,5.8376130404754925,39.27710815689018,46.628926593558546,51.87525029320699,Europe
United Kingdom,2003,3012378674776.833,15972.287861111074,2.005333585904551,2.7449776862956003,11.451609286616065,50.94524560981494,54.9173644213335,55.071181545171015,Europe
United Kingdom,2004,3076171235512.787,13231.720231637762,1.2124438030093592,1.461529902114981,8.64754916896533,54.315470138385244,54.363338767971804,96.82734138645182,Europe
United Kingdom,2005,2960805145066.9507,13223.85047608876,-0.036297619484813165,2.4937422831099596,6.191599418766989,27.92575462443368,26.8523248182396,43.36077510499099,Europe
United Kingdom,2006,3099067038839.111,139553.45390030328,-0.21137692059822605,2.1001377758347006,9.116825544237628,24.821424953927888,52.99844735800902,98.6345014415552,Europe
United Kingdom,2007,3159801333588.8438,11926.284973672484,0.8967165374918732,2.6791038368316715,8.52070250289637,22.516527574143385,54.646745045479065,43.16717013834434,Europe
United Kingdom,2008,3107190567684.3984,10964.276394026761,-2.11059570510703,6.014389970551746,7.714196599148577,25.38014152729914,22.06112128022033,42.048620907017536,Europe
United Kingdom,2009,3152869229267.856,28267.644866294682,-3.9005691159139504,5.914087815652816,9.36418556248413,21.925315785293478,47.63332499962471,42.44405718366607,Europe
United Kingdom,2010,3298862404918.4287,44039.37730141713,4.0796777455420425,3.1727548424412104,8.220775870540301,19.11690768289897,50.09843450521522,46.560004258870606,Europe
United Kingdom,2011,3431323225816.0054,20214.142963521565,2.805911034414805,2.6153620779108633,6.354196653110826,26.688920269214677,43.936804547543396,69.58757350787708,Europe
United Kingdom,2012,3397759499729.1914,101415.35589548427,2.417062411355874,2.17342229374084,3.6851777354127018,53.30431113219459,34.80586108055897,68.0586577326648,Europe
United Kingdom,2013,3597049191637.08,32445.405575778397,2.0654364315262077,3.0447814364710437,5.4032544315247915,54.53834938598211,46.89704086427712,85.84518346584255,Europe
United Kingdom,2014,3704810827518.423,14434.21346962716,2.127918973649713,3.061339198558459,10.533119955273047,46.38621577511776,42.205630870412016,81.86113782151844,Europe
United Kingdom,2015,3587197658549.789,13513.518938466726,2.2028634879200815,2.6202766514994607,6.016069688332277,48.45787153312235,21.430395841932327,101.79670241190622,Europe
United Kingdom,2016,3707828927006.973,14753.481555713952,1.496587732940001,2.7055430672470937,5.583343198574215,42.7617113269084,54.24744712109694,83.18135270166684,Europe
United Kingdom,2017,3817312463366.527,22913.623135858492,0.3720529685665091,2.5499465741813876,9.849251122518252,39.35699604042496,53.51968015435978,54.187216603868606,Europe
United Kingdom,2018,3842190783277.5586,19860.352795610303,1.897847210399842,2.9080918658466013,3.610533531946547,28.543360512606732,43.32688354581126,26.73506014687717,Europe
United Kingdom,2019,3750447057794.8813,19732.39254248847,2.687316341572564,2.4243747680220937,9.824368763361203,16.106411240646068,15.88494206115989,52.36102191495412,Europe
United Kingdom,2020,3671525557598.014,24201.500577102688,-5.5455750121575935,7.243870191818972,7.173124357390735,27.313199982674966,54.884980006308446,62.6181302235973,Europe
United Kingdom,2021,3927462216129.103,16330.75941823898,1.544561059021928,2.1932192830925312,3.741429410542584,45.622468593362086,41.18044857124541,47.32595269982093,Europe
United Kingdom,2022,4153878682967.766,14536.736265253036,1.4998886020537685,2.1303563772911684,11.49254328150839,33.8877292616755,40.54103790656342,59.75943979627943,Europe
France,2000,1179818115572.1682,16431.923838485443,5.28796598835361,2.2651051258452073,6.316737093513851,53.896121242783664,33.928396267662286,116.81934279147217,Europe
France,2001,1238347312307.5793,19409.102494042236,5.278635938217017,2.456378628522021,9.938296601796468,53.01524526525994,45.440959637719956,82.62203216314154,Europe
France,2002,1310591562098.8855,5438.23371146001,5.644914349427825,1.7126432675443677,4.126672129822953,45.85043792530371,32.21223579597851,40.05247267003367,Europe
France,2003,1368533415185.6443,8970.318038659874,5.064015006750103,1.8874761902076889,5.420940639915879,50.890159528673465,27.41447835694295,65.52201490818013,Europe
France,2004,1424509870336.6228,7741.650751039583,2.5120312652103562,2.7397627801779594,10.741101574702842,50.09329450020074,16.584753013934286,68.0506947257829,Europe
France,2005,1475474108165.8354,36494.760531998785,4.932308052748745,1.648819674348858,8.563401608863071,46.61092367448468,37.385947339476566,20.977084741918365,Europe
France,2006,1589521925883.6482,44798.88304478533,2.8941757234150227,2.0934089531044346,3.7072064743951865,32.86154742907182,20.308630161722412,76.75408482615582,Europe
France,2007,1658194977579.8567,7898.241125088986,4.364731602056517,2.5142934096232086,4.507343240331628,19.705552815048012,40.457209981745464,90.64757264869012,Europe
France,2008,1657971387677.4717,7689.051713246246,-0.711026185866261,4.924633594636968,10.315552747628127,30.275258664426275,47.59300454986049,28.011484638467515,Europe
France,2009,1762554350005.4624,6540.167275143915,1.2533046574736388,4.82680182129133,7.170864560664701,43.96099628384363,36.05610643744453,93.15895217553319,Europe
France,2010,1894355615973.4485,7207.882013271908,4.452024757784992,1.71221389551005,10.107286564282312,44.64184989753943,34.92782865812556,75.53635509376312,Europe
France,2011,1992778543231.5815,9117.408959194829,4.973914070007514,2.2880176823042597,4.795882058362306,45.61027090940811,17.887936359167036,23.065250220580605,Europe
France,2012,2102634516244.6536,8031.483324461698,3.267326517961724,2.69444156110944,6.829440010032679,30.56707466461333,29.841550519384107,118.76495637360578,Europe
France,2013,2256565482824.751,104317.69490061793,5.160362410399285,2.7515511702512065,6.947538772706315,47.636594718681145,34.466757656988115,107.34232380816606,Europe
France,2014,2319270276340.376,25689.728668322146,5.819570529325985,2.6282511398281154,4.895959701050999,43.03349626035673,40.26240880370082,93.3113022415281,Europe
France,2015,2450935533221.479,50897.1951410345,5.429940778122052,2.358338901857083,4.617147979832177,25.689449621574493,53.855803761665584,38.097695270948975,Europe
France,2016,2561413137075.245,31352.59280155629,6.108639611098678,2.1496368198338662,7.633356185367211,31.165501622989456,38.7180340573971,36.352387258502276,Europe
France,2017,2746357163746.6733,22253.26988558786,3.6412291161184074,2.808415412634389,9.961258131179406,20.889314732325744,53.79284180314179,65.37895413836392,Europe
France,2018,2826289692201.5933,26234.71201801895,3.652918367650744,2.0983767976550163,5.23842845328867,42.77152439718135,43.27108867541783,36.704190790094984,Europe
France,2019,3034307995291.1987,51771.54267273412,4.6142755406219305,3.2663760107255495,10.597534040722774,51.255156882752395,38.414174575870085,106.82712805132586,Europe
France,2020,2842715789496.5747,32220.332883076477,-3.2604392572456655,6.252194578088031,11.589451230654653,16.770459330082936,19.884396560401072,65.21990282834352,Europe
France,2021,3215947573647.1177,11451.835948477921,5.014545782155404,1.2289016766790755,3.374155731453529,21.675444043294,54.46520491835388,116.51186964360456,Europe
France,2022,3484444332692.1367,24560.03654584449,5.282399067737306,1.1775425882191703,9.001778317914939,21.28430646403408,16.198943594907117,50.79299415911909,Europe
Brazil,2000,2394588331166.9917,8221.07113964175,2.0839829610867215,2.694940531302207,6.993751973741141,54.06640144698774,22.085991577895435,89.26259522261645,South America
Brazil,2001,2301157794238.963,12164.129951123814,3.810821075673898,3.1208468233322355,3.273483537271532,56.892691297814004,42.58107004126245,87.65133857772466,South America
Brazil,2002,2393456197735.342,32992.349512236135,0.7178207101971411,3.8358602261156878,8.861096793373429,19.796686363859582,41.313812184121446,119.94137257706666,South America
Brazil,2003,2434543515524.232,10277.027800966962,1.555033765027344,3.8271529345040753,10.906640051712131,33.18631447429648,28.081326462529546,86.75933855635847,South America
Brazil,2004,2451740918367.21,10036.793265161557,2.528880082276868,3.3379957660822,6.920249833316397,51.802539727875974,19.80836221482434,74.44890979608496,South America
Brazil,2005,2410389864404.765,11386.656048495724,0.16367309290373605,2.5246011252465976,5.137897177868947,31.796330623320305,24.090785090526058,27.319592376844362,South America
Brazil,2006,2409866383002.121,13026.298289366292,2.897078673508255,3.7872863603995346,7.171446394205152,32.09036010806534,49.53334598287301,71.9081785136218,South America
Brazil,2007,2540549458744.26,23315.94950117997,1.7874784132459836,2.3255110665929535,8.22155132304599,39.01211460270953,39.316203711737785,96.48832615421283,South America
Brazil,2008,2393776082813.7876,9740.06740251077,-3.445271879509171,5.716339564825186,11.44331090316676,17.712032563030238,52.37744107222057,55.16226872396344,South America
Brazil,2009,2522699438712.376,29866.72973203391,-4.142934374609942,5.026001746399293,10.32723308049397,39.26225745038646,27.452307966240145,81.03337833109184,South America
Brazil,2010,2645674387981.7847,12153.755390840788,1.2040902432700815,2.226891442177207,4.096974840032528,23.151720729060614,42.24471415859931,38.143834769562694,South America
Brazil,2011,2856007355307.5044,69668.38850856767,2.0296965259500777,2.2238004332089165,11.666341877138219,36.75955410239661,47.23970199100633,75.02265421562618,South America
Brazil,2012,2828768380317.3945,125224.17646128562,2.2793751417384027,3.089905004297203,8.414506381316981,51.86349867420556,50.36825853393631,42.80797719489325,South America
Brazil,2013,2883273802269.5693,22316.66189693416,0.5110378892279517,2.3983656822791093,10.024729637194756,27.366271599666124,47.90457274054714,62.37382536487628,South America
Brazil,2014,2866067724573.11,14077.681490049657,2.0468912701976905,2.629288481520948,7.065909108635062,41.39738084289634,21.720568309794537,93.68737449441821,South America
Brazil,2015,2937918612709.94,77810.77439102216,2.2609516422369698,3.0422030359643064,8.463846324799027,39.60138357213315,24.277883844639017,59.09059959055147,South America
Brazil,2016,3003496464905.2026,16466.705806025617,2.121797302546641,3.0192554012646595,4.227957773010598,46.28150493214172,31.172750724171685,62.819961492561475,South America
Brazil,2017,3126686043907.215,10511.132575479944,2.9114629449751477,3.3047888395673892,5.467445999038253,18.573871604504397,18.426329983857222,109.41908746641182,South America
Brazil,2018,3223912847742.012,49113.92428167095,0.7066345256551088,2.6646479875944826,6.194966752487436,18.1240729235742,35.76239163633082,26.76125635922149,South America
Brazil,2019,3139128934285.979,18841.919754019043,2.5087868733310166,3.1857374160819805,7.796620078962018,29.595018890191902,28.320076522327916,86.94869551981901,South America
Brazil,2020,3031170386855.309,10161.468898236773,-5.497588290731332,7.993568718732134,9.735854592153215,35.93425255276732,17.405693704031407,76.22968158779098,South America
Brazil,2021,3229322645643.4297,19525.497848851428,2.4368273933785813,2.9646842693004016,9.805469960057215,30.640718590754194,41.59646897948872,99.54499607897291,South America
Brazil,2022,3293511647576.186,11809.714336233608,1.2735047071749939,2.316725286867293,4.371744119973757,59.661757597126886,52.08003871697181,73.99571302805596,South America
Italy,2000,2615089314617.963,55596.5368576362,2.7747154448856675,3.1226250871144923,9.378702279686788,16.627217123614294,27.125134237813143,46.311256991084285,Europe
Italy,2001,2716699174827.2417,23739.161688032396,1.247626535984872,3.1247527274645512,6.5728336536685505,35.1241143227176,39.02377333442469,71.56794276964978,Europe
Italy,2002,2767897337279.95,9296.799643763627,3.9223226835398104,2.678336123034717,11.375356931795245,20.236487904846424,47.697988339647665,58.06232934765801,Europe
Italy,2003,2880080954280.2725,10884.143334848832,3.3512242231600715,3.031605967106286,10.110273926763552,28.710561259411836,18.23677132205009,60.29801787651615,Europe
Italy,2004,2973165341525.383,26938.429068413214,2.1853639272971312,2.8960249718052826,10.40232507270925,20.96361027338318,49.4805792909049,112.27571905133944,Europe
Italy,2005,3042655449490.4746,20117.002045879675,4.474039458105482,3.1496622171842104,4.573547645343713,37.61547344085491,30.946521110892526,34.63739921622491,Europe
Italy,2006,3087722339002.9873,176588.06645113192,2.8968606061027224,3.1246358991640295,6.892480904971188,29.03172598883668,35.245674513609764,63.95116886329101,Europe
Italy,2007,3225701434086.973,79367.18761778815,1.8741371662470612,3.170721429006382,8.576291594080466,44.259049157916905,21.080994125145924,26.134962711066816,Europe
Italy,2008,3141331196944.5728,116919.36784218653,-0.4254419540618795,5.088932550295108,4.1924644548018595,28.647381640541802,19.041832440425868,89.2161341694132,Europe
Italy,2009,3224680484700.594,114901.97683795089,-1.755594109861967,5.372280074084987,10.425732425554168,42.68487472039549,27.250144831464468,82.38958362916384,Europe
Italy,2010,3349326357887.345,69914.53494034662,4.018151820327443,2.8065033235803765,4.751602606386886,31.549170789478033,31.565190101157082,102.75378955668742,Europe
Italy,2011,3710456429292.171,16657.629210819883,2.5073215083614495,1.5752359179358244,3.1727304914075103,26.69159439352654,45.4115929248854,33.7109705728999,Europe
Italy,2012,3639726774542.5117,269309.6660703028,3.2671918288673245,2.3737039474871833,7.931635400763237,35.44698005519824,48.77428330958464,29.80825807842446,Europe
Italy,2013,3863936597234.576,25489.401597822045,2.6405496578966585,2.4283557069948287,9.636213696490197,36.420815821594495,30.035531405830774,59.44762785700353,Europe
Italy,2014,4102828846518.2896,15268.921560854888,2.8745082319363027,3.441920291277455,6.938428116498527,26.460177992072303,48.634863177036905,23.8426348962325,Europe
Italy,2015,4016370807558.6504,14792.66452243177,5.241140122353673,2.56789960250661,8.934185299852045,55.280298331794135,40.466787286688295,81.39335847600617,Europe
Italy,2016,4237877172533.7207,79140.15877757753,2.3304140387419854,2.915080412707286,9.12205001287518,16.875280527107293,18.391680641832128,91.63233880626822,Europe
Italy,2017,4516140132332.562,146132.3222113419,1.736705619558472,2.3849500447529537,6.147329067712646,49.85940890315318,41.45482444281657,38.51955678674679,Europe
Italy,2018,4607127759454.183,53038.72924168179,3.8027852197532352,3.1743226144000887,6.437456756876063,24.25592679879998,19.855456726376257,81.50129680388666,Europe
Italy,2019,4760844001384.044,20289.664907966988,3.5397196811697764,3.953258236458822,3.3775610108847265,58.58199499174727,46.94856766618298,49.28220367009648,Europe
Italy,2020,4405127181757.429,24623.05130712569,-4.647575812048575,7.243657689538481,9.068307465983523,20.764308586479,28.530700239779936,112.80836403260497,Europe
Italy,2021,4988240134783.199,66387.2490596406,2.039022715067135,1.8875787693202786,6.95464490725007,42.58228121225365,52.7230335097883,44.06927118325049,Europe
Italy,2022,5059268694677.835,18933.806282587306,2.807018609199248,2.200480474006365,10.343522450717554,53.76164983635462,48.860573547611125,111.89265336395545,Europe
Canada,2000,1151247357985.1714,4529.267679385359,4.908766595315988,2.7488430085662476,8.905456539129643,22.98429462613681,36.80107675587753,118.46697395245081,North America
Canada,2001,1173834942405.425,5322.689548153166,3.9342744652673214,2.117310150947542,7.552674236566461,52.831636260504,44.31206179065002,74.22372054918483,North America
Canada,2002,1237680420541.4294,6830.434600932218,2.1209913270696457,2.4208331913317416,8.085197935731145,45.99983859225408,49.93291663443231,83.62913539792481,North America
Canada,2003,1256674418549.477,8735.90441928949,4.498257711612569,2.277106863179408,10.200638718292435,24.18160355830045,37.20339797209145,93.30712960296748,North America
Canada,2004,1301155130493.0413,6897.711168706914,3.505526165766966,1.8265067985676202,10.054126060368574,39.940193135940746,15.20918454171651,96.09907600280938,North America
Canada,2005,1336959409402.1577,25141.432741269688,2.9138595337567708,2.742809170736306,11.967009038645227,31.573928872808175,32.9444252381817,92.2070938202737,North America
Canada,2006,1421558501863.9692,5324.25342874188,2.3213185151814675,3.1102163718005436,6.713596567637614,46.30281659235631,15.128730544171148,81.95893374598407,North America
Canada,2007,1524575467240.474,41241.206775425366,3.447169909994167,2.1056894188761968,8.780929733147048,17.918411751733576,38.19935149712525,76.14845879595237,North America
Canada,2008,1551513564043.1182,8989.516962629337,0.6510968962480532,5.359838665996231,10.344900997126928,27.141932405769644,48.001976407202484,69.82556822634535,North America
Canada,2009,1567387041342.3147,7282.467398397803,-1.629097863090812,4.925821934968344,7.061790981599414,21.63536370178278,28.12771014437246,63.40193661738753,North America
Canada,2010,1726367113046.8596,48365.58206848407,4.500227295071797,1.69888748072633,9.620968028152708,59.92563801268273,52.32453325374231,84.25651995351916,North America
Canada,2011,1809175247554.902,7606.723378053473,2.943477545759983,2.268376442397504,10.558220570720554,32.27248283698698,37.874890849087464,78.77693608621982,North America
Canada,2012,1779532729460.0923,28024.970096430017,2.609343216897238,1.794383228439062,3.235770376788583,16.088629375110987,48.26788174703094,47.30708099728124,North America
Canada,2013,1815723064887.8054,6420.588571813697,4.190466077147508,2.148600240888299,10.854572254361416,52.88701050563139,22.444056713851094,100.26433097957104,North America
Canada,2014,1900546677520.8164,13302.23872035074,2.9087547028506777,2.3557964142398777,3.7254136238141218,47.75726881381944,34.85844609421199,63.68507026151796,North America
Canada,2015,2078846841177.0984,37067.0823129429,4.79827690111113,1.8824257722282745,9.762375774261411,44.56298203202128,53.26458484333832,26.89580163564212,North America
Canada,2016,2136998450823.5923,80502.1090116612,3.0437924437017414,1.9353905721439684,5.222809191647999,55.78145612344665,24.981847993980246,47.1949726128631,North America
Canada,2017,2196146022213.2876,9335.527268984946,5.588272509703323,2.370934844648202,3.3025224016495436,17.819394155490954,51.25749813377644,33.92453711175952,North America
Canada,2018,2264053434176.898,13771.447206544753,2.2573352311424175,1.868298124454555,11.098500111185452,15.982052854897027,41.551587447023564,116.33944342135504,North America
Canada,2019,2424387150655.135,96378.76655812819,4.116917609944229,1.6003455633791488,9.577388684826568,59.158369072376104,25.26120249776991,85.41746014740745,North America
Canada,2020,2261647683353.207,33531.567595716406,-5.312989595668542,7.589013991151735,11.908047966683833,42.383727271340994,28.980254883472753,31.409578488793336,North America
Canada,2021,2564813725379.9683,30983.370928340504,3.4783327273164715,2.481903090437892,7.710518202369298,20.164599234114785,49.4055877339774,92.28143032084837,North America
Canada,2022,2752707824250.95,92922.09324096703,4.39964977215062,3.2873708981191783,3.7355281117210044,35.62352886878954,34.38785148520188,36.57745401632758,North America
South Korea,2000,2728885001856.348,13728.00760788209,3.3901707812127104,2.6516869602127358,7.612523838932985,51.28816277547778,33.369595103878325,25.195657755426843,Asia
South Korea,2001,2994681191825.222,12581.600973645991,3.7539373067981123,2.607471008662198,4.482357180890663,29.85967791921739,45.2700602275454,71.93858595039373,Asia
South Korea,2002,3142010271830.768,11853.120685183125,4.14754798379636,2.826830309885027,7.061154097628893,59.32453452633938,45.880499052399614,22.71674212255598,Asia
South Korea,2003,3292532122281.5684,113891.67287406727,5.283011263069807,2.968148413480924,7.848316181574428,37.401562861543056,19.21894799826522,85.6780104724294,Asia
South Korea,2004,3373583004694.4927,14360.106469901528,5.548347195119403,2.091682787789892,10.135689771304554,40.99170146465209,40.383296702012146,99.79141596158941,Asia
South Korea,2005,3566563948715.0156,28571.039734603895,4.467756996450051,3.4334538495484344,4.4215934055181325,46.315460317596106,46.73045401753018,51.676167706752665,Asia
South Korea,2006,3683775477992.5186,58080.62539395199,3.9962530226806514,3.156058130176051,4.368938549000456,34.814553826575704,39.61192100279208,28.34640849893833,Asia
South Korea,2007,3930702647085.9854,14782.593482066712,4.4241209425954064,3.7131772896950395,11.704139537332534,33.79924406737949,54.36441276145991,86.79199988036271,Asia
South Korea,2008,3754142492640.8784,14126.113462309497,-0.1717914168697039,4.912561370797308,3.2134676797818313,40.189005763727216,36.095984884907054,91.93536223691585,Asia
South Korea,2009,3987443589215.839,14868.820870674212,-0.40571421250001644,5.33048386558198,4.78670749687824,53.61796739207238,47.76254055446624,74.07937549855444,Asia
South Korea,2010,4316971604068.936,29439.51274892373,5.539780047051693,2.9243675029155694,6.220184387928976,37.2395601262635,48.12997009748874,53.520804737087275,Asia
South Korea,2011,4719642406054.248,78151.59858659252,5.2405215124272,3.280433796088015,3.9057373067118,25.79433507401751,20.678879590439756,54.79414115821666,Asia
South Korea,2012,4957016609020.471,24930.577945900543,4.077581016711307,2.247842540004955,10.57302797776284,36.20792253291741,54.16419752060618,83.41421382957368,Asia
South Korea,2013,5137870412386.967,110215.05469796612,3.2208616947628452,3.6009067062181073,9.176944770174877,18.133851667308257,21.995257487038376,105.57372589057863,Asia
South Korea,2014,5295143756213.888,58194.74596796664,3.924997829300123,3.6950000985793032,7.613892778305477,28.73898045135291,23.505775054843845,23.31893545624262,Asia
South Korea,2015,5574662085713.291,56800.58041460721,4.913809335581563,3.096857902957124,10.840840340367468,49.472914944088615,46.53789373013195,86.49849034759953,Asia
South Korea,2016,5751177504024.957,28121.41628056347,4.158643831304105,2.5239108191047586,7.023499894257829,35.71612220408669,49.582544380906796,74.66482201877885,Asia
South Korea,2017,5973293323941.61,49646.64234287801,3.864573299968725,2.9618003708352445,9.659137086902373,56.31344484896178,26.201493182019576,105.83416767991208,Asia
South Korea,2018,6281247212463.993,27471.13930039305,4.140354808338731,3.4513983887628052,5.53369078573437,54.27392278047576,19.50321561647748,90.36859774607957,Asia
South Korea,2019,6422621024128.502,38504.33166251021,4.176435503550795,2.8324086139282265,3.111636326495833,36.09455844590276,27.050610430400013,79.83574842977589,Asia
South Korea,2020,6091666348769.285,27010.923806563245,-4.667901435656545,7.221223493224074,8.498994130966459,55.15361241628435,22.41320718114858,27.89691621908286,Asia
South Korea,2021,7201989583909.431,90639.00654037204,4.46995364903583,3.5880061632914204,3.572768183579781,52.41180814735694,38.95914032708842,31.493299705956684,Asia
South Korea,2022,7530105971147.855,28425.804636742898,4.900995655862493,3.333708598612094,6.873846692888912,29.26259645060037,32.38383843434847,97.38796557301563,Asia
Australia,2000,2112568416513.3682,11354.477513543572,5.791893712338198,3.2049306957738124,9.323703957769647,25.684506076866285,35.494551101831625,30.42248028083477,Oceania
Australia,2001,2085671823505.9006,10473.129901014821,2.1673392249196977,2.391742446529806,9.692345245589038,37.781972677284124,40.364161255053254,27.093221613377345,Oceania
Australia,2002,2216418765349.0884,26457.25938485837,4.130504448787612,1.2262645849462785,3.4108387095214536,21.301084389899295,26.07257231165223,117.15326909010507,Oceania
Australia,2003,2282330775891.5923,34131.71149046707,2.5022384333833925,1.5777798561220617,4.862933205945841,38.24576828006906,15.220231966416833,20.766403264922534,Oceania
Australia,2004,2433632403814.378,33097.15633233584,5.654572742892455,2.041374996383786,8.148437790323708,38.07004766803874,26.739552928324866,113.17537194328163,Oceania
Australia,2005,2467683611251.1626,13060.031162364317,4.375761614399056,2.170613075304254,7.56670744846028,54.34001361083291,34.741863213604745,90.22587660316643,Oceania
Australia,2006,2579574401759.8413,8658.704982080446,4.170981307616635,2.003691656931782,6.551184680378817,33.98226803424741,31.44084301062183,110.76110025565549,Oceania
Australia,2007,2783426948940.9414,27912.95942127206,6.101416904398854,2.0886095172958434,5.318464983003497,17.678611515649727,39.15181811797551,88.65899134926067,Oceania
Australia,2008,2731470670013.314,63226.416716683285,-1.262200723298788,3.7255642335932126,6.421477195848249,20.446125021833687,31.757911607499018,95.11780478084181,Oceania
Australia,2009,2878190083610.9673,14116.658966460005,-0.5982150741426848,4.284940504416141,8.442947120876847,15.455903281248451,40.44384185638169,111.32869475762368,Oceania
Australia,2010,3222799866021.6685,17174.86444477722,4.951631722408716,2.648438206048478,4.085025747633212,55.61039882786288,17.657753774230997,73.39674725477639,Oceania
Australia,2011,3166347534241.0234,20977.504506658308,3.9245237311709094,2.055777589267082,4.107029656113711,40.13890784026914,28.72669412690633,92.9173487549448,Oceania
Australia,2012,3433748981631.874,17240.76145734882,5.041071663526165,2.752940800371039,6.869379696511333,45.28349800774946,26.01524697021674,50.631349877821265,Oceania
Australia,2013,3564968883705.5723,14759.924126085718,6.003515579644553,2.4744868577774914,11.249717122570866,34.39433492309833,27.754672732845552,78.21987465941139,Oceania
Australia,2014,3767325121875.6787,32024.184225661797,6.155739652705118,2.719923406757754,9.195645166429232,31.85487991590546,21.67440806795011,63.05293384622075,Oceania
Australia,2015,3843499132056.5684,221146.84819732446,4.139936524227548,2.985294416197367,6.065437499231625,18.227034998144294,31.385155795809283,51.121749506339356,Oceania
Australia,2016,4212592739356.6675,20413.311534790595,2.94120297624487,2.9663837664369326,4.961032988294911,59.461618477001636,33.160064847844595,88.82742357802371,Oceania
Australia,2017,4281548337192.3174,238053.59449717702,3.423428445298481,2.603282167139413,6.457860416872202,16.75482056587102,16.23823163677374,58.798675994686946,Oceania
Australia,2018,4481914836274.169,79456.38726070915,2.766311738041207,2.152646401080919,11.100748647148327,20.226253209023653,53.23675315821277,51.39667173773528,Oceania
Australia,2019,4708594393531.703,18853.598114162625,5.474015910556241,2.2764889711354486,6.4696071426323005,30.317419691452756,36.6563042939034,35.41450431784871,Oceania
Australia,2020,4552156429280.358,26686.917283090446,-1.857092199263434,6.455366247001451,10.66284965743827,34.81986076405909,27.09332997405975,45.93348973170944,Oceania
Australia,2021,4994969748631.392,17208.543440461417,3.7050539334703916,1.3404901379496692,8.224208408943264,21.263851560556297,32.76174996808812,82.62343214210638,Oceania
Australia,2022,5438585481246.036,35831.942151266616,4.861954921819399,2.7798725287116857,8.124396250640544,42.92972159210628,23.05248431289733,59.51377432643186,Oceania
Spain,2000,601686851268.1177,3653.625801705066,3.3698773217127402,2.4481922174545825,10.147895962944649,27.409540571311062,50.083623240727555,114.40420938253979,Europe
Spain,2001,619473946570.2638,11655.018998375412,3.279284543849493,2.6144423450305,7.35066692375832,53.85963851315453,38.54926088525279,57.53299079196019,Europe
Spain,2002,622417948315.597,2695.366236376131,2.248417811298487,2.749309376538093,7.430929320010637,40.9775563154909,49.62308582498209,118.07393435834294,Europe
Spain,2003,620729916854.8842,4841.908914250518,3.423306578326645,2.951681544848018,8.16176056310016,58.02212146253699,23.018980621136112,30.92642103096214,Europe
Spain,2004,668612130208.9409,2615.6388350004036,4.035954246814372,2.561446589176143,7.59389240103809,43.19666299919446,52.05530426920347,21.911609442976403,Europe
Spain,2005,704572432253.1577,4751.487373852172,4.0262968699333195,3.1028369829344182,9.232791883833972,21.04958082336548,26.97582353486725,55.87155254170135,Europe
Spain,2006,701845786738.1248,9870.632431129923,3.7645776223300653,2.3612670826602837,3.1288374990035397,48.204128335268855,48.36578388002703,94.04761319535191,Europe
Spain,2007,743912325622.7876,14465.52109117768,3.7025936751749895,3.0062194167797767,8.926864641030495,49.47521697580138,48.836857587109286,81.36041142374584,Europe
Spain,2008,714578485050.8329,21974.652119723847,-2.9796905012804116,4.308940432260331,3.694088597262174,30.69692402862657,19.439923951652595,100.82352100092221,Europe
Spain,2009,710440953973.5352,2494.2672205902672,-3.991430517006479,5.235720605559459,3.7917586774854715,37.5280920631688,46.780621779629946,90.70864772666981,Europe
Spain,2010,771304005240.5145,9966.268476715693,2.1394593713810925,3.0655333452583826,11.363052482686685,33.22962125374049,51.244440085299885,52.1495701247882,Europe
Spain,2011,809723267087.3062,5464.946744320653,3.537602180156533,2.009444554446253,11.81083003657328,42.15718932195204,29.312563364541955,84.78174459905284,Europe
Spain,2012,792893345947.9786,4407.392273770763,3.086033694701001,2.30461681123674,9.143554991010621,25.88692561419883,43.55810530026359,102.25347943841967,Europe
Spain,2013,871628028084.3125,3584.763788719565,3.9623940574461862,4.008903771328528,4.2858836520547055,49.8905767681411,25.856375217868575,69.66954228179466,Europe
Spain,2014,881129876170.0615,4575.593035217087,2.492901711834203,2.315978735762206,5.485526020388095,46.81394193550723,17.507584864874634,103.93384923560023,Europe
Spain,2015,919760160017.9028,82803.256919737,3.7272824146149417,2.195508644017539,5.846431347563761,19.58515746297061,29.409356752017114,47.03932863845255,Europe
Spain,2016,937150628873.2432,3924.5738642816814,3.776573330660034,2.5492764709604914,11.189488294689529,31.97931242834368,53.563136659604325,28.928952452557294,Europe
Spain,2017,992022542234.7728,4741.175031946546,0.46336699167087747,2.5619341707798373,8.694406908737408,46.67356912354491,15.174530786012363,36.69530887471987,Europe
Spain,2018,1021222146771.8837,3519.5893678692987,4.138314871753525,2.1013802433267457,3.948284300257708,50.1820738505221,40.76596885903663,24.818601239329624,Europe
Spain,2019,1052779264089.0066,9201.438811259033,2.9027121088039043,2.9296771263375465,6.894562224177342,35.59648223216823,23.35530896020655,56.87071708647952,Europe
Spain,2020,965223055319.2783,4149.808311974207,-5.245596168870166,7.246634662847254,10.813132010079059,24.539732461439613,41.29413928680514,67.22818041629817,Europe
Spain,2021,1084674351716.6355,4089.3230604734895,3.5726647671885194,2.093145135352912,8.469769100274503,28.288566490732475,20.464036146046904,85.16397604772766,Europe
Spain,2022,1103806439065.1914,5603.036983317957,4.027618934362076,3.4030736288349988,4.792937474046478,55.059675118627844,26.49638385862319,56.77859877561529,Europe
Mexico,2000,635404222242.1206,7253.317502249924,-0.0792702409483502,1.980677910593543,3.173948678258409,20.59657795502296,31.54570699674541,69.28645844474465,North America
Mexico,2001,664758002084.1517,3640.7503555236726,-0.9638393178217023,2.5379555182697873,11.671493167988295,38.35645260582969,42.10169069835813,51.18638579168832,North America
Mexico,2002,660534155799.1764,2817.287383619362,1.566805655474573,3.3213707556514476,11.784124409512922,20.6497596643194,15.67790659558324,97.0158211757096,North America
Mexico,2003,670425252803.9956,7704.352919633505,1.6382836134803365,2.598513855767978,6.132860338514593,31.728268270784863,15.054145028618727,49.98005275652359,North America
Mexico,2004,704539631692.8274,3567.776387420413,2.116268746562444,2.8860689018067536,7.121961831032143,32.910238182952625,27.116629153327704,26.56948589543658,North America
Mexico,2005,682946877737.3091,4541.403141768662,0.6490460457029237,2.459658505920949,3.5206000450244455,58.100541044469175,52.70897276376449,98.51895431484084,North America
Mexico,2006,726644595520.7563,2442.6252487817046,1.983139682346249,2.5733988964925887,3.680445365550757,31.45563367176171,24.015250720270632,39.583308413427005,North America
Mexico,2007,718279394422.7783,3036.052327221,0.4518687568833184,1.9918567296684686,10.300113929401238,43.61796182236778,30.52662824507982,87.4130295536063,North America
Mexico,2008,691141776908.2744,8095.607255507105,-2.9154332901204087,4.929201406654955,5.714540551042783,36.14947206710715,50.605645495840584,90.77213502675275,North America
Mexico,2009,681523558998.3777,2368.038357720424,-3.709772625043997,4.243755194577956,7.6054321403923675,45.58291497307985,18.04956871894258,47.4703815047892,North America
Mexico,2010,747596943161.6859,3063.670873614002,3.633698723835125,1.6003491737185023,6.895344019885224,16.97549741893523,21.629991192806237,64.55416387418909,North America
Mexico,2011,762383929892.572,9509.191778883785,1.8171429005990276,1.7485235321951107,6.932962970990587,41.71024209204537,17.9232624810806,82.2343264617246,North America
Mexico,2012,773627772415.7091,2626.5486580596803,1.994757117270137,2.2570126854119765,11.171089144016575,57.466571676909936,53.40542417621789,72.14596387214719,North America
Mexico,2013,776306598379.0399,3555.8843744532637,0.20272492087900668,2.9074646792110754,8.999404311419573,22.321488471385464,37.60341249811025,97.16269109786077,North America
Mexico,2014,768467185432.1964,4968.117815181576,2.064537229741581,2.4438469467950483,5.0580910164324795,43.54636599922593,23.88303482773282,52.16699896595486,North America
Mexico,2015,807794955936.4865,21446.382696637505,2.160152349005198,2.3292258401166865,7.328011319427081,44.80953052654806,19.740104943926063,48.888493890916564,North America
Mexico,2016,810777815443.0754,6466.944747725958,0.10193437892191873,1.74595547472901,9.788384760123204,56.32918944654339,53.037143780101935,77.71225860383208,North America
Mexico,2017,843225124618.897,10185.05905208981,0.8537823184599903,1.562533799281067,8.909679663370884,25.817951080207813,22.66371782939303,111.8239086675437,North America
Mexico,2018,850416235374.4749,21516.95901196672,-0.08022214743710655,2.5638734968412655,3.3503696699310073,16.62084682311419,22.008870884233094,106.67703545060003,North America
Mexico,2019,821472924901.972,4609.17050057232,3.4294350841368173,3.3561919956212964,5.54246459375567,30.887267622013606,50.76377210133003,114.64565131504055,North America
Mexico,2020,792846584408.329,2949.118518286338,-5.14290024965567,6.344880704330095,7.447021599709889,37.3892933465746,23.187204362291357,79.11303032585164,North America
Mexico,2021,862665239494.8025,3344.1982920531855,0.41982921054007794,1.2454787798234175,10.297907229071265,52.61216675597322,28.287641324624182,89.36180574737952,North America
Mexico,2022,888407243076.1349,3802.6961940926294,0.49387004254575606,2.7589132408877863,10.882947751653514,39.25925487312039,26.298897054800147,62.52281854376939,North America
Indonesia,2000,585901290739.3796,2005.1882075947765,1.5456196223776948,2.9308835495994177,5.7354826102952465,25.368749795280745,15.058952883452456,92.93447940879963,Asia
Indonesia,2001,590566960142.0436,2033.7364660082683,2.1908404878461734,2.7222432339682547,9.677066942628436,53.17914205907361,31.905167880544365,50.29309056404293,Asia
Indonesia,2002,626633772340.4081,2538.3554535125636,0.5303016737499885,3.066508550755921,11.11746177074235,51.30120838626326,54.39433611049903,95.42482596820807,Asia
Indonesia,2003,607159391404.5266,4895.3962358240215,3.250366868687249,3.7860692769384805,3.7061023468541157,39.50236315967393,43.37283313890438,36.73213040010604,Asia
Indonesia,2004,635935485090.5815,2222.429191897597,2.9130657978360994,2.5024079813388034,9.42981747664118,49.1552377134869,19.10063856265898,71.38544642067677,Asia
Indonesia,2005,650342936160.1035,4127.110754566879,2.118190264025853,3.2050419421873886,10.44755687885899,46.37442218593365,43.573065429399904,66.17161438131191,Asia
Indonesia,2006,652856924646.4705,2948.7065593071147,2.0092102939810648,3.0853234711868036,10.263638134800328,23.78582713304214,28.813678089795513,53.56104542698427,Asia
Indonesia,2007,668616026600.1522,2275.9662202579457,1.9509684355098966,3.6861085033036396,9.54351085453851,40.2932757481157,52.88362668434076,69.62587528823616,Asia
Indonesia,2008,621555747224.8257,2611.582729409873,-3.8756324975847316,5.440393155143464,3.3267407256330643,52.75487974731048,15.456719338162944,90.3699779629051,Asia
Indonesia,2009,665430540952.7489,2283.7633347092096,-5.00640654179114,5.618125651144278,9.443839090390435,51.77076639070133,36.8572126431139,116.70352752561462,Asia
Indonesia,2010,690153976299.9506,3160.745490027207,0.851146065416223,3.1776684778740454,10.200031335873133,39.87181840733454,30.862147279598528,33.17150285790936,Asia
Indonesia,2011,704255428793.4828,2698.960853729986,1.0326297488812661,2.865252369526022,5.610409787661932,54.213631538588444,41.90811976835592,99.66813971913723,Asia
Indonesia,2012,720795466502.4125,4099.940232782294,0.14551149368913582,3.331513675968107,5.588694561393104,28.804946978496353,29.11834013809426,82.12924490496101,Asia
Indonesia,2013,712585830488.0989,6667.501573061152,0.8822038111968813,4.063504106505833,3.6151788027896274,50.26919291178483,26.43033298370824,63.276687959926264,Asia
Indonesia,2014,716369588182.8347,27125.10111832197,2.747278824896609,3.567168633293902,8.775609575687024,45.21656169002431,40.291286145505595,39.899213895943674,Asia
Indonesia,2015,741523596947.5513,5646.82874301887,1.0980020437663942,3.4267805048390256,5.500674984807411,27.434359880963413,32.28075710378024,118.0368740942185,Asia
Indonesia,2016,755544513649.7009,12183.10540180519,0.7529718701896007,4.053439238873971,9.340989852247008,34.02278866022695,28.860966718108727,59.76123785528706,Asia
Indonesia,2017,757059218653.0743,8737.97555732528,1.4280292350993093,2.5718176416983174,5.416803804608466,27.935774920376254,41.27024253898228,116.85373316998923,Asia
Indonesia,2018,766815477839.168,24023.60724207677,1.688288077029068,3.2549481139104364,3.8286028747422787,41.95700642176717,39.94595113161064,84.85048201186882,Asia
Indonesia,2019,792739523178.362,9055.05903286427,2.322863759381262,2.7225086071712736,9.359668828908386,42.450333768576854,27.51629576854593,47.109625376406576,Asia
Indonesia,2020,753922524554.2058,2649.4997549392087,-6.217037484284682,7.189185073972543,8.448272839984618,46.55128174878631,42.20447541787891,60.81516908666981,Asia
Indonesia,2021,818367493638.1876,56577.582483584134,-0.019640297666051985,3.5537676295565,7.052288215286013,58.09114567877178,30.961412705697388,103.98016066644267,Asia
Indonesia,2022,835492452132.2483,2848.2825069112596,0.49180286619755453,2.8644447160904924,9.735459147086083,56.15468987318515,32.36083890835035,45.8711642155441,Asia
